id,consumed_J,consumed_kWh,infra_consumed_J,infra_consumed_kWh,device_consumed_J,device_consumed_kWh,tech,profile,sim_end_s,rx_total_bytes,mobile_rx_bytes,mobile_tx_bytes,send_attempts,send_ok,send_fail_notconn,send_fail_again,send_fail_other,send_fail_other_first_errno,send_fail_other_last_errno
html5__0zMYP44zps17html__wifi_ac,296.292,8.23033e-05,267.824,7.43956e-05,28.4676,7.90768e-06,wifi_ac,cli_profile,33.4369,3750659,3744478,6181,221269,2442,0,218827,0,-1,-1
html5__0zMYP44zps17html__lte,46382.8,0.0128841,46338.2,0.0128717,44.5237,1.23677e-05,lte,cli_profile,36.8307,3750659,3744478,6181,794708,2442,0,792266,0,-1,-1
html5__Aq8S3p37sK76html__wifi_ac,297.484,8.26344e-05,268.9,7.46944e-05,28.584,7.93999e-06,wifi_ac,cli_profile,33.566,4386327,4379782,6545,256204,2853,0,253351,0,-1,-1
html5__Aq8S3p37sK76html__lte,50736.7,0.0140935,50687.8,0.0140799,48.8677,1.35744e-05,lte,cli_profile,37.574,4386327,4379782,6545,1164800,2853,0,1161947,0,-1,-1
html5hiili__ad18__wifi_ac,367.163,0.00010199,331.832,9.21756e-05,35.3312,9.81421e-06,wifi_ac,cli_profile,41.4705,2135464,2092300,43164,12254,1398,0,10856,0,-1,-1
html5hiili__ad18__lte,42132.7,0.0117035,42090.6,0.0116918,42.1178,1.16994e-05,lte,cli_profile,41.382,2135464,2092300,43164,145345,1398,0,143947,0,-1,-1
nexd__TikTok_for_Business_copy__wifi_ac,305.751,8.49309e-05,276.362,7.67671e-05,29.3896,8.16378e-06,wifi_ac,cli_profile,34.5338,587696,581104,6592,397,397,0,0,0,-1,-1
nexd__TikTok_for_Business_copy__lte,28916.7,0.00803241,28890.1,0.00802503,26.5878,7.38549e-06,lte,cli_profile,34.446,587696,581104,6592,22144,397,0,21747,0,-1,-1
nexd__300x250_SLO_Hofer_Cena_09_25_copy__wifi_ac,315.076,8.75211e-05,284.798,7.91104e-05,30.2785,8.4107e-06,wifi_ac,cli_profile,35.5868,389700,382798,6902,270,270,0,0,0,-1,-1
nexd__300x250_SLO_Hofer_Cena_09_25_copy__lte,28598.8,0.00794411,28572.6,0.00793684,26.1727,7.2702e-06,lte,cli_profile,35.4994,389700,382798,6902,6789,270,0,6519,0,-1,-1
nexd__In-BannerVideo_300x250_copy__wifi_ac,350.432,9.73423e-05,316.747,8.79852e-05,33.6858,9.35717e-06,wifi_ac,cli_profile,39.5808,691997,682613,9384,471,471,0,0,0,-1,-1
nexd__In-BannerVideo_300x250_copy__lte,33809.8,0.00939162,33776.8,0.00938244,33.0243,9.17343e-06,lte,cli_profile,39.4909,691997,682613,9384,30229,471,0,29758,0,-1,-1
html5hiili__ad7__wifi_ac,347.216,9.6449e-05,313.865,8.71847e-05,33.3516,9.26433e-06,wifi_ac,cli_profile,39.2119,466641,437279,29362,2678,327,0,2351,0,-1,-1
html5hiili__ad7__lte,34204.7,0.0095013,34168.7,0.00949132,35.927,9.97972e-06,lte,cli_profile,39.1219,466641,437279,29362,3483,327,0,3156,0,-1,-1
html5hiili__ad43__wifi_ac,326.923,9.0812e-05,295.507,8.20854e-05,31.416,8.72666e-06,wifi_ac,cli_profile,36.9235,493595,478222,15373,329,329,0,0,0,-1,-1
html5hiili__ad43__lte,31832.1,0.00884224,31799.8,0.00883328,32.2654,8.96262e-06,lte,cli_profile,36.835,493595,478222,15373,11121,329,0,10792,0,-1,-1
nexd__Dyson_Asset_Specific_Overlays_copy__wifi_ac,305.789,8.49415e-05,276.396,7.67768e-05,29.3928,8.16468e-06,wifi_ac,cli_profile,34.538,578828,572124,6704,391,391,0,0,0,-1,-1
nexd__Dyson_Asset_Specific_Overlays_copy__lte,29030.4,0.008064,29003.3,0.00805647,27.1377,7.53825e-06,lte,cli_profile,34.451,578828,572124,6704,21478,391,0,21087,0,-1,-1
html5hiili__ad34__wifi_ac,350.843,9.74565e-05,317.137,8.80936e-05,33.7064,9.36288e-06,wifi_ac,cli_profile,39.6185,1119528,1087394,32134,2629,743,0,1886,0,-1,-1
html5hiili__ad34__lte,36336,0.0100933,36299.6,0.0100832,36.3755,1.01043e-05,lte,cli_profile,39.53,1119528,1087394,32134,44593,743,0,43850,0,-1,-1
html5hiili__ad29__wifi_ac,344.376,9.56599e-05,311.296,8.6471e-05,33.08,9.18888e-06,wifi_ac,cli_profile,38.8835,1502573,1469854,32719,30666,987,0,29679,0,-1,-1
html5hiili__ad29__lte,36546.1,0.0101517,36510.8,0.0101419,35.3778,9.82717e-06,lte,cli_profile,38.795,1502573,1469854,32719,91692,987,0,90705,0,-1,-1
html5__DV5p7e0EEn2nhtml__wifi_ac,318.658,8.85162e-05,287.559,7.98776e-05,31.0989,8.6386e-06,wifi_ac,cli_profile,36.039,12142494,12137887,4607,11348,7815,0,3533,0,-1,-1
html5__DV5p7e0EEn2nhtml__lte,81236.8,0.0225658,81158.5,0.022544,78.3648,2.1768e-05,lte,cli_profile,47.466,9336672,9332065,4607,7564839,6094,0,7558745,0,-1,-1
nexd__BIC_KIDS_AVA_SCROLLER_copy__wifi_ac,306.397,8.51103e-05,276.959,7.69331e-05,29.4376,8.17711e-06,wifi_ac,cli_profile,34.6056,231967,225972,5995,168,168,0,0,0,-1,-1
nexd__BIC_KIDS_AVA_SCROLLER_copy__lte,27383.4,0.0076065,27358,0.00759945,25.3654,7.04593e-06,lte,cli_profile,34.5171,231967,225972,5995,2282,168,0,2114,0,-1,-1
html5__1LtOL85ZtP0Phtml__wifi_ac,294.674,8.18539e-05,266.361,7.39893e-05,28.3128,7.86466e-06,wifi_ac,cli_profile,33.256,3520825,3511408,9417,213515,2315,0,211200,0,-1,-1
html5__1LtOL85ZtP0Phtml__lte,44559,0.0123775,44516.1,0.0123656,42.9038,1.19177e-05,lte,cli_profile,36.334,3520825,3511408,9417,685724,2315,0,683409,0,-1,-1
nexd__Drag_to_Reveal_300x600_copy__wifi_ac,332.789,9.24415e-05,300.801,8.35559e-05,31.988,8.88557e-06,wifi_ac,cli_profile,37.5879,603449,588785,14664,425,425,0,0,0,-1,-1
nexd__Drag_to_Reveal_300x600_copy__lte,31591.1,0.0087753,31560.9,0.0087669,30.2372,8.39923e-06,lte,cli_profile,37.4979,603449,588785,14664,22009,425,0,21584,0,-1,-1
html5hiili__ad26__wifi_ac,346.551,9.62641e-05,313.263,8.70174e-05,33.2879,9.24663e-06,wifi_ac,cli_profile,39.1325,1117756,1085027,32729,15104,741,0,14363,0,-1,-1
html5hiili__ad26__lte,35929,0.00998029,35893,0.00997028,36.0144,1.0004e-05,lte,cli_profile,39.044,1117756,1085027,32729,68122,741,0,67381,0,-1,-1
html5__idZOd1iyQtHUhtml__wifi_ac,287.321,7.98115e-05,259.723,7.21454e-05,27.598,7.6661e-06,wifi_ac,cli_profile,32.447,517037,513040,3997,23653,358,0,23295,0,-1,-1
html5__idZOd1iyQtHUhtml__lte,27459,0.00762749,27433.2,0.00762033,25.779,7.16082e-06,lte,cli_profile,32.66,517037,513040,3997,15253,358,0,14895,0,-1,-1
html5hiili__ad2__wifi_ac,346.46,9.62388e-05,313.181,8.69947e-05,33.2786,9.24405e-06,wifi_ac,cli_profile,39.1265,476235,446850,29385,3177,333,0,2844,0,-1,-1
html5hiili__ad2__lte,33793.3,0.00938704,33757.5,0.00937709,35.7948,9.94301e-06,lte,cli_profile,39.0365,476235,446850,29385,4233,333,0,3900,0,-1,-1
html5__2X4G7MWIcrN4html__wifi_ac,322.536,8.95933e-05,291.554,8.09874e-05,30.9814,8.60595e-06,wifi_ac,cli_profile,36.4189,1283090,1275061,8029,80394,866,0,79528,0,-1,-1
html5__2X4G7MWIcrN4html__lte,32501.9,0.00902832,32472.1,0.00902004,29.802,8.27833e-06,lte,cli_profile,36.3304,1283090,1275061,8029,62966,866,0,62100,0,-1,-1
html5hiili__ad55__wifi_ac,304.513,8.45871e-05,275.266,7.64628e-05,29.2472,8.12423e-06,wifi_ac,cli_profile,34.3907,150781,142886,7895,104,104,0,0,0,-1,-1
html5hiili__ad55__lte,28330.3,0.00786952,28301.3,0.00786148,28.9618,8.04493e-06,lte,cli_profile,34.3847,150781,142886,7895,104,104,0,0,0,-1,-1
html5hiili__ad27__wifi_ac,355.726,9.88128e-05,321.5,8.93057e-05,34.2256,9.50711e-06,wifi_ac,cli_profile,40.1815,1502649,1469904,32745,987,987,0,0,0,-1,-1
html5hiili__ad27__lte,37748.2,0.0104856,37711.8,0.0104755,36.45,1.0125e-05,lte,cli_profile,40.093,1502649,1469904,32745,89513,987,0,88526,0,-1,-1
nexd__HYPR_Perdigao_MortadelaOuro_TapToMap_300x250_copy__wifi_ac,316.428,8.78967e-05,286.032,7.94533e-05,30.3964,8.44344e-06,wifi_ac,cli_profile,35.7257,1795522,1786383,9139,107906,1191,0,106715,0,-1,-1
nexd__HYPR_Perdigao_MortadelaOuro_TapToMap_300x250_copy__lte,35073.3,0.00974258,35040.1,0.00973337,33.1483,9.20786e-06,lte,cli_profile,35.6357,1795522,1786383,9139,163272,1191,0,162081,0,-1,-1
nexd__Benefit_Advent_Calendar_copy__wifi_ac,305.205,8.47791e-05,275.876,7.66322e-05,29.3287,8.14686e-06,wifi_ac,cli_profile,34.4713,374634,367984,6650,259,259,0,0,0,-1,-1
nexd__Benefit_Advent_Calendar_copy__lte,27986,0.0077739,27960.1,0.00776668,25.9661,7.2128e-06,lte,cli_profile,34.3843,374634,367984,6650,8507,259,0,8248,0,-1,-1
html5__5b0kGwFbcuMNhtml__wifi_ac,287.147,7.97631e-05,259.562,7.21006e-05,27.585,7.6625e-06,wifi_ac,cli_profile,32.4307,182887,180615,2272,129,129,0,0,0,-1,-1
html5__5b0kGwFbcuMNhtml__lte,26224.5,0.00728458,26200.4,0.00727789,24.0715,6.68653e-06,lte,cli_profile,32.3407,182887,180615,2272,129,129,0,0,0,-1,-1
nexd__Oreo_Social_to_Display_copy__wifi_ac,363.043,0.000100845,328.119,9.11441e-05,34.9242,9.70116e-06,wifi_ac,cli_profile,41.008,1348342,1337145,11197,898,898,0,0,0,-1,-1
nexd__Oreo_Social_to_Display_copy__lte,38126,0.0105906,38089,0.0105803,37.0643,1.02956e-05,lte,cli_profile,40.918,1348342,1337145,11197,112129,898,0,111231,0,-1,-1
html5hiili__ad8__wifi_ac,350.234,9.72872e-05,316.593,8.79424e-05,33.641,9.34472e-06,wifi_ac,cli_profile,39.5527,466745,437307,29438,2310,327,0,1983,0,-1,-1
html5hiili__ad8__lte,34012.7,0.00944796,33976.5,0.00943792,36.1579,1.00439e-05,lte,cli_profile,39.4627,466745,437307,29438,3870,327,0,3543,0,-1,-1
nexd__Proskin_Desktop_Static_V2_copy__wifi_ac,302.995,8.41652e-05,273.891,7.6081e-05,29.1032,8.08422e-06,wifi_ac,cli_profile,34.2162,634137,626641,7496,36589,432,0,36157,0,-1,-1
nexd__Proskin_Desktop_Static_V2_copy__lte,28993.4,0.00805371,28966.6,0.00804628,26.7651,7.43475e-06,lte,cli_profile,34.1292,634137,626641,7496,25421,432,0,24989,0,-1,-1
html5hiili__ad24__wifi_ac,341.999,9.49997e-05,309.148,8.58745e-05,32.8509,9.12524e-06,wifi_ac,cli_profile,38.6185,1117729,1084984,32745,25983,741,0,25242,0,-1,-1
html5hiili__ad24__lte,34656,0.00962667,34622.5,0.00961736,33.4985,9.30514e-06,lte,cli_profile,38.53,1117729,1084984,32745,54193,741,0,53452,0,-1,-1
html5hiili__ad23__wifi_ac,355,9.8611e-05,320.858,8.91273e-05,34.1415,9.48376e-06,wifi_ac,cli_profile,40.0985,1117834,1085089,32745,741,741,0,0,0,-1,-1
html5hiili__ad23__lte,36798.7,0.0102219,36761.5,0.0102115,37.2295,1.03415e-05,lte,cli_profile,40.01,1117834,1085089,32745,55556,741,0,54815,0,-1,-1
nexd__United_States_National_Ja_3_The_Trade_Desk_Cognitiv_RM_English_Pros_XGEN_18_X_Ja__wifi_ac,334.415,9.2893e-05,302.268,8.39633e-05,32.147,8.92972e-06,wifi_ac,cli_profile,37.7716,698015,688941,9074,469,469,0,0,0,-1,-1
nexd__United_States_National_Ja_3_The_Trade_Desk_Cognitiv_RM_English_Pros_XGEN_18_X_Ja__lte,32487.5,0.00902431,32455.9,0.00901552,31.6441,8.79004e-06,lte,cli_profile,37.6816,698015,688941,9074,31084,469,0,30615,0,-1,-1
nexd__Interscroller_The_Sun_V5_copy__wifi_ac,334.839,9.30109e-05,302.678,8.40772e-05,32.1613,8.93371e-06,wifi_ac,cli_profile,37.8143,413933,401349,12584,10697,298,0,10399,0,-1,-1
nexd__Interscroller_The_Sun_V5_copy__lte,31382.5,0.00871736,31350.8,0.00870854,31.7483,8.81896e-06,lte,cli_profile,37.7243,413933,401349,12584,5077,298,0,4779,0,-1,-1
html5hiili__ad16__wifi_ac,347.487,9.6524e-05,314.109,8.72526e-05,33.377,9.2714e-06,wifi_ac,cli_profile,39.2425,478293,448905,29388,2812,334,0,2478,0,-1,-1
html5hiili__ad16__lte,32905.3,0.00914036,32872,0.00913112,33.2656,9.24045e-06,lte,cli_profile,39.1525,478293,448905,29388,3827,334,0,3493,0,-1,-1
nexd__2025_MGEN_Octobre_Prevoyance_Slider_copy__wifi_ac,306.225,8.50625e-05,276.796,7.68878e-05,29.4286,8.17462e-06,wifi_ac,cli_profile,34.5868,419658,411874,7784,292,292,0,0,0,-1,-1
nexd__2025_MGEN_Octobre_Prevoyance_Slider_copy__lte,28158.3,0.00782174,28132.4,0.00781456,25.8407,7.17796e-06,lte,cli_profile,34.5013,419658,411874,7784,10862,292,0,10570,0,-1,-1
html5hiili__ad25__wifi_ac,346.02,9.61166e-05,312.783,8.68841e-05,33.2371,9.23253e-06,wifi_ac,cli_profile,39.0725,1117755,1085000,32755,18047,741,0,17306,0,-1,-1
html5hiili__ad25__lte,35083.1,0.0097453,35048.6,0.00973572,34.4784,9.57732e-06,lte,cli_profile,38.984,1117755,1085000,32755,49101,741,0,48360,0,-1,-1
html5__Bo8mV5fI880fhtml__wifi_ac,287.434,7.98428e-05,259.826,7.21739e-05,27.6082,7.66895e-06,wifi_ac,cli_profile,32.4596,486457,485042,1415,20519,321,0,20198,0,-1,-1
html5__Bo8mV5fI880fhtml__lte,27048.3,0.00751342,27023,0.00750639,25.3239,7.03441e-06,lte,cli_profile,32.61,486457,485042,1415,13012,321,0,12691,0,-1,-1
html5__3ypf2hcSB7nKhtml__wifi_ac,301.656,8.37934e-05,272.439,7.56775e-05,29.2172,8.11589e-06,wifi_ac,cli_profile,34.0945,5934542,5930716,3826,3828,3828,0,0,0,-1,-1
html5__3ypf2hcSB7nKhtml__lte,60218.5,0.0167274,60160.9,0.0167114,57.5937,1.59982e-05,lte,cli_profile,39.688,5934542,5930716,3826,2136185,3828,0,2132357,0,-1,-1
html5hiili__ad14__wifi_ac,346.837,9.63436e-05,313.522,8.70895e-05,33.3147,9.2541e-06,wifi_ac,cli_profile,39.1691,478304,448906,29398,3459,334,0,3125,0,-1,-1
html5hiili__ad14__lte,33648.9,0.00934691,33613.5,0.0093371,35.3194,9.81094e-06,lte,cli_profile,39.0791,478304,448906,29398,4313,334,0,3979,0,-1,-1
html5__cvISBcoTZn0mhtml__wifi_ac,285.89,7.9414e-05,258.426,7.17849e-05,27.4646,7.62905e-06,wifi_ac,cli_profile,32.2888,188292,186020,2272,133,133,0,0,0,-1,-1
html5__cvISBcoTZn0mhtml__lte,26180.6,0.00727239,26157.1,0.00726585,23.5364,6.5379e-06,lte,cli_profile,32.316,188292,186020,2272,133,133,0,0,0,-1,-1
nexd__RHB-Social_to_Display_without_multiple_Hashtags_copy__wifi_ac,351.332,9.75921e-05,317.547,8.82075e-05,33.7847,9.38464e-06,wifi_ac,cli_profile,39.6835,1008855,1000482,8373,670,670,0,0,0,-1,-1
nexd__RHB-Social_to_Display_without_multiple_Hashtags_copy__lte,35537,0.0098714,35502.3,0.00986174,34.7723,9.65896e-06,lte,cli_profile,39.5935,1008855,1000482,8373,64143,670,0,63473,0,-1,-1
nexd__HYPR_TapToRoll_Pepsi_copy__wifi_ac,306.075,8.50208e-05,276.663,7.68509e-05,29.4118,8.16995e-06,wifi_ac,cli_profile,34.5696,366963,360976,5987,253,253,0,0,0,-1,-1
nexd__HYPR_TapToRoll_Pepsi_copy__lte,27847.2,0.00773533,27821.8,0.00772827,25.428,7.06334e-06,lte,cli_profile,34.4811,366963,360976,5987,8156,253,0,7903,0,-1,-1
nexd__Scroll_to_flip_copy__wifi_ac,305.335,8.48152e-05,275.994,7.6665e-05,29.3404,8.15011e-06,wifi_ac,cli_profile,34.4861,353420,345606,7814,249,249,0,0,0,-1,-1
nexd__Scroll_to_flip_copy__lte,27850.5,0.00773624,27824.5,0.00772904,25.939,7.20527e-06,lte,cli_profile,34.4021,353420,345606,7814,7379,249,0,7130,0,-1,-1
nexd__EXXONMOBIL_-_VR_Showroom_-_infeed_300x600_copy__wifi_ac,307.304,8.53623e-05,277.76,7.71556e-05,29.5439,8.20664e-06,wifi_ac,cli_profile,34.7101,700813,694001,6812,470,470,0,0,0,-1,-1
nexd__EXXONMOBIL_-_VR_Showroom_-_infeed_300x600_copy__lte,29795.1,0.00827641,29767.6,0.00826879,27.443,7.62306e-06,lte,cli_profile,34.6231,700813,694001,6812,31490,470,0,31020,0,-1,-1
nexd__TVC_Carousel_Splitscreen_May_300x600_copy__wifi_ac,327.428,9.09521e-05,295.883,8.21898e-05,31.5442,8.76228e-06,wifi_ac,cli_profile,36.9895,2362022,2353772,8250,1537,1537,0,0,0,-1,-1
nexd__TVC_Carousel_Splitscreen_May_300x600_copy__lte,39746.5,0.0110407,39709.4,0.0110304,37.1752,1.03264e-05,lte,cli_profile,36.8995,2362022,2353772,8250,337410,1537,0,335873,0,-1,-1
nexd__Fronx-19-Jun-2025_copy__wifi_ac,305.686,8.49127e-05,276.324,7.67567e-05,29.3614,8.15595e-06,wifi_ac,cli_profile,34.5217,410728,403715,7013,20551,285,0,20266,0,-1,-1
nexd__Fronx-19-Jun-2025_copy__lte,28185.9,0.00782942,28159.7,0.00782213,26.2688,7.2969e-06,lte,cli_profile,34.4347,410728,403715,7013,10378,285,0,10093,0,-1,-1
html5hiili__ad37__wifi_ac,351.107,9.75296e-05,317.372,8.81589e-05,33.7346,9.37072e-06,wifi_ac,cli_profile,39.6485,1179242,1146247,32995,2256,782,0,1474,0,-1,-1
html5hiili__ad37__lte,36465.8,0.0101294,36429.1,0.0101192,36.7009,1.01947e-05,lte,cli_profile,39.56,1179242,1146247,32995,58270,782,0,57488,0,-1,-1
nexd__Klarna_video_wrap_carousel_copy__wifi_ac,351.88,9.77444e-05,317.991,8.83308e-05,33.889,9.41361e-06,wifi_ac,cli_profile,39.7514,2239420,2231283,8137,1459,1459,0,0,0,-1,-1
nexd__Klarna_video_wrap_carousel_copy__lte,41045.8,0.0114016,41007.6,0.011391,38.2299,1.06194e-05,lte,cli_profile,39.6614,2239420,2231283,8137,303840,1459,0,302381,0,-1,-1
html5__2CmGSXPJb7Gqhtml__wifi_ac,287.93,7.99806e-05,260.275,7.22986e-05,27.6553,7.68204e-06,wifi_ac,cli_profile,32.5148,556124,555268,856,27941,361,0,27580,0,-1,-1
html5__2CmGSXPJb7Gqhtml__lte,28117.2,0.00781034,28090.7,0.00780298,26.4958,7.35995e-06,lte,cli_profile,32.732,556124,555268,856,15632,361,0,15271,0,-1,-1
nexd__MultiprismBlinds_300x250_copy__wifi_ac,308.237,8.56213e-05,278.619,7.7394e-05,29.6182,8.22728e-06,wifi_ac,cli_profile,34.8137,329407,322749,6658,231,231,0,0,0,-1,-1
nexd__MultiprismBlinds_300x250_copy__lte,27813.3,0.00772591,27787.9,0.00771886,25.3655,7.04597e-06,lte,cli_profile,34.7262,329407,322749,6658,6280,231,0,6049,0,-1,-1
html5hiili__ad13__wifi_ac,353.772,9.82699e-05,319.789,8.88302e-05,33.9829,9.43968e-06,wifi_ac,cli_profile,39.9527,478400,449048,29352,670,334,0,336,0,-1,-1
html5hiili__ad13__lte,33797.7,0.00938825,33761.5,0.00937818,36.2391,1.00664e-05,lte,cli_profile,39.8627,478400,449048,29352,1011,334,0,677,0,-1,-1
html5hiili__ad10__wifi_ac,345.581,9.59946e-05,312.386,8.67739e-05,33.1945,9.22069e-06,wifi_ac,cli_profile,39.0272,466441,437083,29358,3420,327,0,3093,0,-1,-1
html5hiili__ad10__lte,32921.4,0.00914482,32887.3,0.00913536,34.0618,9.46161e-06,lte,cli_profile,38.9372,466441,437083,29358,2706,327,0,2379,0,-1,-1
html5__bOMwEfHh6LpFhtml__wifi_ac,323.67,8.99083e-05,292.576,8.12712e-05,31.0935,8.63709e-06,wifi_ac,cli_profile,36.5383,2468974,2461019,7955,156328,1627,0,154701,0,-1,-1
html5__bOMwEfHh6LpFhtml__lte,40127.2,0.0111465,40088.6,0.0111357,38.5923,1.07201e-05,lte,cli_profile,36.4498,2468974,2461019,7955,400739,1627,0,399112,0,-1,-1
nexd__Don_Julio__wifi_ac,354.112,9.83646e-05,320.061,8.89057e-05,34.0519,9.45887e-06,wifi_ac,cli_profile,39.9975,1010912,1001768,9144,675,675,0,0,0,-1,-1
nexd__Don_Julio__lte,35741.4,0.00992816,35706.3,0.00991842,35.0423,9.73397e-06,lte,cli_profile,39.9075,1010912,1001768,9144,64095,675,0,63420,0,-1,-1
html5hiili__ad20__wifi_ac,364.843,0.000101345,329.735,9.15931e-05,35.1074,9.75206e-06,wifi_ac,cli_profile,41.2085,2135811,2092625,43186,19381,1398,0,17983,0,-1,-1
html5hiili__ad20__lte,42326.4,0.0117573,42285.6,0.011746,40.7161,1.131e-05,lte,cli_profile,41.12,2135811,2092625,43186,162763,1398,0,161365,0,-1,-1
nexd__Chanel_Coco_Expandable_copy__wifi_ac,355.613,9.87814e-05,321.435,8.92874e-05,34.1782,9.49394e-06,wifi_ac,cli_profile,40.1656,563975,554383,9592,388,388,0,0,0,-1,-1
nexd__Chanel_Coco_Expandable_copy__lte,33542.4,0.00931732,33509.8,0.00930829,32.528,9.03557e-06,lte,cli_profile,40.0756,563975,554383,9592,20108,388,0,19720,0,-1,-1
html5hiili__ad6__wifi_ac,346.811,9.63365e-05,313.499,8.7083e-05,33.3127,9.25353e-06,wifi_ac,cli_profile,39.1662,466542,437144,29398,2869,327,0,2542,0,-1,-1
html5hiili__ad6__lte,34150.4,0.00948621,34115,0.00947638,35.3904,9.83065e-06,lte,cli_profile,39.0762,466542,437144,29398,5446,327,0,5119,0,-1,-1
nexd__UnbluronTouch_300x250_FOW_copy__wifi_ac,306.114,8.50318e-05,276.703,7.6862e-05,29.4113,8.16981e-06,wifi_ac,cli_profile,34.5737,254876,248207,6669,184,184,0,0,0,-1,-1
nexd__UnbluronTouch_300x250_FOW_copy__lte,27239.2,0.00756644,27214.4,0.00755955,24.8219,6.89497e-06,lte,cli_profile,34.4867,254876,248207,6669,3112,184,0,2928,0,-1,-1
html5hiili__ad1__wifi_ac,359.469,9.98524e-05,324.924,9.02567e-05,34.5444,9.59565e-06,wifi_ac,cli_profile,40.6,476077,446722,29355,333,333,0,0,0,-1,-1
html5hiili__ad1__lte,35078.7,0.00974408,35040.3,0.00973342,38.3872,1.06631e-05,lte,cli_profile,40.51,476077,446722,29355,4243,333,0,3910,0,-1,-1
html5hiili__ad35__wifi_ac,362.835,0.000100787,327.939,9.10943e-05,34.8953,9.69313e-06,wifi_ac,cli_profile,40.9835,1119481,1087356,32125,743,743,0,0,0,-1,-1
html5hiili__ad35__lte,38740.3,0.0107612,38700.3,0.0107501,40.0254,1.11182e-05,lte,cli_profile,40.895,1119481,1087356,32125,85065,743,0,84322,0,-1,-1
nexd__Olipop_fullscreen_Still_animations_copy__wifi_ac,310.003,8.6112e-05,280.206,7.7835e-05,29.7972,8.27701e-06,wifi_ac,cli_profile,35.014,562949,556201,6748,381,381,0,0,0,-1,-1
nexd__Olipop_fullscreen_Still_animations_copy__lte,29348.9,0.00815249,29322.1,0.00814503,26.823,7.45085e-06,lte,cli_profile,34.927,562949,556201,6748,20269,381,0,19888,0,-1,-1
html5__DySdtrfabXVahtml__wifi_ac,296.422,8.23395e-05,267.942,7.44283e-05,28.48,7.91112e-06,wifi_ac,cli_profile,33.449,3965134,3959477,5657,238641,2573,0,236068,0,-1,-1
html5__DySdtrfabXVahtml__lte,47374.9,0.0131597,47329.9,0.0131472,44.9911,1.24975e-05,lte,cli_profile,37.106,3965134,3959477,5657,841704,2573,0,839131,0,-1,-1
nexd__Retargeting_MAR26_CASHONE_1_08_300x250_copy__wifi_ac,334.394,9.28873e-05,302.276,8.39654e-05,32.1186,8.92182e-06,wifi_ac,cli_profile,37.7645,349903,339271,10632,6189,250,0,5939,0,-1,-1
nexd__Retargeting_MAR26_CASHONE_1_08_300x250_copy__lte,31082.1,0.00863393,31051.9,0.00862553,30.2392,8.39977e-06,lte,cli_profile,37.6745,349903,339271,10632,1890,250,0,1640,0,-1,-1
nexd__3DCarousel_300x250_copy__wifi_ac,364.746,0.000101318,329.695,9.15819e-05,35.0515,9.73652e-06,wifi_ac,cli_profile,41.1967,453905,445602,8303,317,317,0,0,0,-1,-1
nexd__3DCarousel_300x250_copy__lte,34112.7,0.00947576,34079.7,0.0094666,32.9775,9.16041e-06,lte,cli_profile,41.1067,453905,445602,8303,11251,317,0,10934,0,-1,-1
html5__DA5aYiiEGYKThtml__wifi_ac,321.721,8.9367e-05,290.818,8.07829e-05,30.9029,8.58414e-06,wifi_ac,cli_profile,36.3294,942027,933866,8161,55907,648,0,55259,0,-1,-1
html5__DA5aYiiEGYKThtml__lte,31994.3,0.00888731,31963.7,0.0088788,30.6634,8.51761e-06,lte,cli_profile,36.2409,942027,933866,8161,57359,648,0,56711,0,-1,-1
html5__klranahtml__wifi_ac,303.917,8.44215e-05,274.713,7.63092e-05,29.2042,8.11229e-06,wifi_ac,cli_profile,34.2785,6578602,6578031,571,330477,4221,0,326256,0,-1,-1
html5__klranahtml__lte,63668.8,0.0176858,63607.2,0.0176687,61.6154,1.71154e-05,lte,cli_profile,40.424,6578602,6578031,571,2508386,4221,0,2504165,0,-1,-1
nexd__Kusuda_dragtoreveal_336x280_copy__wifi_ac,350.409,9.73359e-05,316.718,8.79773e-05,33.6911,9.35864e-06,wifi_ac,cli_profile,39.5791,875762,866969,8793,587,587,0,0,0,-1,-1
nexd__Kusuda_dragtoreveal_336x280_copy__lte,34647.8,0.0096244,34614.1,0.00961503,33.7141,9.36503e-06,lte,cli_profile,39.4891,875762,866969,8793,48556,587,0,47969,0,-1,-1
html5__ckvuofFVIV5Whtml__wifi_ac,302.343,8.3984e-05,273.289,7.59137e-05,29.0531,8.07032e-06,wifi_ac,cli_profile,34.1035,6067507,6062730,4777,317971,3920,0,314051,0,-1,-1
html5__ckvuofFVIV5Whtml__lte,59688.8,0.0165802,59631.7,0.0165644,57.156,1.58767e-05,lte,cli_profile,39.724,6067507,6062730,4777,2026846,3920,0,2022926,0,-1,-1
nexd__Gap_Train_copy__wifi_ac,306.381,8.51058e-05,276.918,7.69216e-05,29.4632,8.18423e-06,wifi_ac,cli_profile,34.6066,894095,887567,6528,593,593,0,0,0,-1,-1
nexd__Gap_Train_copy__lte,30596.8,0.00849912,30568.5,0.00849126,28.2941,7.85946e-06,lte,cli_profile,34.5196,894095,887567,6528,51017,593,0,50424,0,-1,-1
html5__Cl8RhxArqrmdhtml__wifi_ac,323.029,8.97303e-05,292,8.11111e-05,31.0289,8.61915e-06,wifi_ac,cli_profile,36.4765,1020420,1012147,8273,63106,703,0,62403,0,-1,-1
html5__Cl8RhxArqrmdhtml__lte,32464.2,0.00901784,32433.8,0.0090094,30.3782,8.43839e-06,lte,cli_profile,36.388,1020420,1012147,8273,61352,703,0,60649,0,-1,-1
html5hiili__ad36__wifi_ac,343.414,9.53927e-05,310.427,8.62297e-05,32.9868,9.16301e-06,wifi_ac,cli_profile,38.7775,1119536,1087404,32132,22702,743,0,21959,0,-1,-1
html5hiili__ad36__lte,34810.2,0.00966949,34776,0.00966,34.1787,9.49407e-06,lte,cli_profile,38.689,1119536,1087404,32132,57544,743,0,56801,0,-1,-1
html5__2gHsj8VxXDovhtml__wifi_ac,290.403,8.06674e-05,262.506,7.29184e-05,27.8962,7.74895e-06,wifi_ac,cli_profile,32.7845,1985211,1982204,3007,122891,1289,0,121602,0,-1,-1
html5__2gHsj8VxXDovhtml__lte,35307.7,0.0098077,35274.7,0.00979854,32.9838,9.16216e-06,lte,cli_profile,34.448,1985211,1982204,3007,209841,1289,0,208552,0,-1,-1
html5hiili__ad17__wifi_ac,374.855,0.000104126,338.783,9.41065e-05,36.0712,1.00198e-05,wifi_ac,cli_profile,42.3399,2134669,2093449,41220,5839,1396,0,4443,0,-1,-1
html5hiili__ad17__lte,42817.9,0.0118938,42776.4,0.0118823,41.4408,1.15113e-05,lte,cli_profile,42.2499,2134669,2093449,41220,86224,1396,0,84828,0,-1,-1
html5hiili__ad44__wifi_ac,321.368,8.9269e-05,290.487,8.06908e-05,30.8814,8.57817e-06,wifi_ac,cli_profile,36.2965,439730,424408,15322,294,294,0,0,0,-1,-1
html5hiili__ad44__lte,29691.4,0.00824762,29661.1,0.0082392,30.3142,8.42061e-06,lte,cli_profile,36.2065,439730,424408,15322,1681,294,0,1387,0,-1,-1
nexd__2026809_Bernini_Brand_Window_TTL_Repositioning_Tiles_Dec_2025_copy__wifi_ac,351.013,9.75036e-05,317.298,8.81384e-05,33.7148,9.36522e-06,wifi_ac,cli_profile,39.6406,409847,400218,9629,19362,290,0,19072,0,-1,-1
nexd__2026809_Bernini_Brand_Window_TTL_Repositioning_Tiles_Dec_2025_copy__lte,32912.5,0.00914236,32878.6,0.00913296,33.8737,9.40935e-06,lte,cli_profile,39.5506,409847,400218,9629,10186,290,0,9896,0,-1,-1
html5hiili__ad15__wifi_ac,346.326,9.62015e-05,313.06,8.69611e-05,33.2656,9.24045e-06,wifi_ac,cli_profile,39.1113,478153,448795,29358,3368,334,0,3034,0,-1,-1
html5hiili__ad15__lte,33632.7,0.00934241,33597.4,0.00933261,35.2764,9.79899e-06,lte,cli_profile,39.0213,478153,448795,29358,4954,334,0,4620,0,-1,-1
html5__C1siIY03CkeUhtml__wifi_ac,328.076,9.11322e-05,296.559,8.23774e-05,31.517,8.75472e-06,wifi_ac,cli_profile,37.0353,2652731,2644674,8057,166786,1748,0,165038,0,-1,-1
html5__C1siIY03CkeUhtml__lte,41020.8,0.0113947,40981.7,0.0113838,39.158,1.08772e-05,lte,cli_profile,36.9468,2652731,2644674,8057,405350,1748,0,403602,0,-1,-1
html5hiili__ad4__wifi_ac,355.028,9.86189e-05,320.912,8.91423e-05,34.1157,9.47659e-06,wifi_ac,cli_profile,40.0982,476152,446797,29355,333,333,0,0,0,-1,-1
html5hiili__ad4__lte,34785.7,0.00966268,34750.4,0.00965288,35.2905,9.80292e-06,lte,cli_profile,40.0082,476152,446797,29355,5600,333,0,5267,0,-1,-1
html5__J2Dg3x0mSeQXhtml__wifi_ac,310.881,8.63559e-05,281.001,7.80559e-05,29.8801,8.30002e-06,wifi_ac,cli_profile,35.0475,8999895,8995950,3945,364693,5794,0,358899,0,-1,-1
html5__J2Dg3x0mSeQXhtml__lte,74298,0.0206383,74226.4,0.0206184,71.6846,1.99124e-05,lte,cli_profile,43.5,8192983,8189038,3945,4786173,5357,0,4780816,0,-1,-1
nexd__300x250_copy__wifi_ac,316.4,8.78888e-05,285.999,7.94442e-05,30.4004,8.44456e-06,wifi_ac,cli_profile,35.7354,286887,280380,6507,205,205,0,0,0,-1,-1
nexd__300x250_copy__lte,28521.8,0.00792273,28494.3,0.00791507,27.5811,7.66143e-06,lte,cli_profile,35.6484,286887,280380,6507,2969,205,0,2764,0,-1,-1
html5hiili__ad33__wifi_ac,349.965,9.72124e-05,316.348,8.78746e-05,33.6163,9.33787e-06,wifi_ac,cli_profile,39.5195,909651,877525,32126,4341,609,0,3732,0,-1,-1
html5hiili__ad33__lte,34673.6,0.00963157,34637.9,0.00962165,35.7019,9.9172e-06,lte,cli_profile,39.431,909651,877525,32126,24572,609,0,23963,0,-1,-1
html5__vitamixhtml__wifi_ac,289.061,8.02948e-05,261.298,7.25827e-05,27.7634,7.71205e-06,wifi_ac,cli_profile,32.6445,270498,269730,768,2270,178,0,2092,0,-1,-1
html5__vitamixhtml__lte,26633.9,0.00739831,26609,0.00739139,24.8966,6.91573e-06,lte,cli_profile,32.5545,270498,269730,768,278,178,0,100,0,-1,-1
nexd__Lipton_Survey_copy__wifi_ac,355.699,9.88052e-05,321.372,8.92699e-05,34.3269,9.53526e-06,wifi_ac,cli_profile,40.1913,3869978,3860743,9235,2507,2507,0,0,0,-1,-1
nexd__Lipton_Survey_copy__lte,50118.9,0.0139219,50071.4,0.0139087,47.5258,1.32016e-05,lte,cli_profile,40.1013,3869978,3860743,9235,888875,2507,0,886368,0,-1,-1
html5hiili__ad48__wifi_ac,322.817,8.96715e-05,291.796,8.10545e-05,31.0213,8.61702e-06,wifi_ac,cli_profile,36.4605,414723,399433,15290,279,279,0,0,0,-1,-1
html5hiili__ad48__lte,29879,0.00829971,29849.5,0.00829154,29.4178,8.1716e-06,lte,cli_profile,36.372,414723,399433,15290,4934,279,0,4655,0,-1,-1
html5__F6x4RHk1tO7lhtml__wifi_ac,297.528,8.26467e-05,268.77,7.46582e-05,28.7586,7.9885e-06,wifi_ac,cli_profile,33.6215,4435671,4431397,4274,2869,2869,0,0,0,-1,-1
html5__F6x4RHk1tO7lhtml__lte,51432.4,0.0142868,51383.5,0.0142732,48.8599,1.35722e-05,lte,cli_profile,37.796,4435671,4431397,4274,1223208,2869,0,1220339,0,-1,-1
html5__iHnA66dqp0SWhtml__wifi_ac,297.586,8.26628e-05,268.993,7.47203e-05,28.5932,7.94254e-06,wifi_ac,cli_profile,33.5785,4343828,4338447,5381,257281,2815,0,254466,0,-1,-1
html5__iHnA66dqp0SWhtml__lte,49869.5,0.0138526,49822.2,0.0138395,47.3464,1.31518e-05,lte,cli_profile,37.624,4343828,4338447,5381,1098728,2815,0,1095913,0,-1,-1
html5hiili__ad45__wifi_ac,327.117,9.08658e-05,295.689,8.21357e-05,31.4283,8.7301e-06,wifi_ac,cli_profile,36.9455,271722,256369,15353,187,187,0,0,0,-1,-1
html5hiili__ad45__lte,29997.9,0.00833276,29966.9,0.00832413,31.0658,8.6294e-06,lte,cli_profile,36.857,271722,256369,15353,187,187,0,0,0,-1,-1
html5hiili__ad49__wifi_ac,313.67,8.71305e-05,283.542,7.87615e-05,30.1281,8.36893e-06,wifi_ac,cli_profile,35.4225,484822,469506,15316,4656,324,0,4332,0,-1,-1
html5hiili__ad49__lte,28512,0.00792,28484,0.00791221,28.0491,7.7914e-06,lte,cli_profile,35.334,484822,469506,15316,2204,324,0,1880,0,-1,-1
html5hiili__ad21__wifi_ac,368.509,0.000102364,333.049,9.25135e-05,35.4608,9.85023e-06,wifi_ac,cli_profile,41.6225,2135857,2092717,43140,12724,1398,0,11326,0,-1,-1
html5hiili__ad21__lte,43050.7,0.0119585,43008.2,0.0119467,42.4933,1.18037e-05,lte,cli_profile,41.534,2135857,2092717,43140,178683,1398,0,177285,0,-1,-1
html5hiili__ad31__wifi_ac,354.202,9.83894e-05,320.136,8.89267e-05,34.0659,9.46276e-06,wifi_ac,cli_profile,40.0085,1117399,1085269,32130,742,742,0,0,0,-1,-1
html5hiili__ad31__lte,36207.4,0.0100576,36171,0.0100475,36.3885,1.01079e-05,lte,cli_profile,39.92,1117399,1085269,32130,43875,742,0,43133,0,-1,-1
html5__bAhtAAFy4Kjahtml__wifi_ac,336.744,9.35399e-05,304.381,8.45502e-05,32.3629,8.9897e-06,wifi_ac,cli_profile,37.9714,8566906,8553908,12998,356110,5550,0,350560,0,-1,-1
html5__bAhtAAFy4Kjahtml__lte,73525.7,0.0204238,73455.1,0.0204042,70.6628,1.96286e-05,lte,cli_profile,42.9318,8208636,8195638,12998,4196672,5404,0,4191268,0,-1,-1
html5hiili__ad42__wifi_ac,307.157,8.53213e-05,277.656,7.71266e-05,29.5012,8.19477e-06,wifi_ac,cli_profile,34.6891,180583,172686,7897,123,123,0,0,0,-1,-1
html5hiili__ad42__lte,28799.2,0.00799978,28769,0.00799138,30.2184,8.39399e-06,lte,cli_profile,34.7116,180583,172686,7897,123,123,0,0,0,-1,-1
html5__5Yk4eG8MrFWfhtml__wifi_ac,286.697,7.9638e-05,259.138,7.19828e-05,27.5589,7.65524e-06,wifi_ac,cli_profile,32.3815,620854,618277,2577,413,413,0,0,0,-1,-1
html5__5Yk4eG8MrFWfhtml__lte,27269.9,0.00757498,27244.8,0.00756799,25.1835,6.99541e-06,lte,cli_profile,32.836,620854,618277,2577,18608,413,0,18195,0,-1,-1
html5__a0iyNlZiPJB5html__wifi_ac,336.633,9.35091e-05,304.28,8.45222e-05,32.3529,8.98692e-06,wifi_ac,cli_profile,37.9587,8566861,8553874,12987,341051,5550,0,335501,0,-1,-1
html5__a0iyNlZiPJB5html__lte,73322.7,0.0203674,73251.5,0.0203476,71.2022,1.97784e-05,lte,cli_profile,42.9672,8174479,8161492,12987,4243488,5379,0,4238109,0,-1,-1
nexd__AIA_Altas_DA_Cube_copy__wifi_ac,308.007,8.55575e-05,278.401,7.73336e-05,29.6064,8.22399e-06,wifi_ac,cli_profile,34.7887,572579,564786,7793,395,395,0,0,0,-1,-1
nexd__AIA_Altas_DA_Cube_copy__lte,29089.5,0.00808042,29062.6,0.00807296,26.8801,7.4667e-06,lte,cli_profile,34.7002,572579,564786,7793,20962,395,0,20567,0,-1,-1
html5hiili__ad50__wifi_ac,323.559,8.98774e-05,292.466,8.12406e-05,31.0928,8.63689e-06,wifi_ac,cli_profile,36.5445,414723,399357,15366,279,279,0,0,0,-1,-1
html5hiili__ad50__lte,30297.7,0.00841603,30266.5,0.00840736,31.1986,8.66626e-06,lte,cli_profile,36.456,414723,399357,15366,5559,279,0,5280,0,-1,-1
html5hiili__ad46__wifi_ac,319.984,8.88846e-05,289.236,8.03433e-05,30.7485,8.54126e-06,wifi_ac,cli_profile,36.1395,484894,469536,15358,324,324,0,0,0,-1,-1
html5hiili__ad46__lte,31443,0.00873416,31410.1,0.00872504,32.8335,9.12041e-06,lte,cli_profile,36.051,484894,469536,15358,10452,324,0,10128,0,-1,-1
nexd__Sonia_300x250_prism_copy__wifi_ac,305.413,8.48368e-05,276.07,7.66862e-05,29.3422,8.1506e-06,wifi_ac,cli_profile,34.4942,213756,207139,6617,157,157,0,0,0,-1,-1
nexd__Sonia_300x250_prism_copy__lte,27186.7,0.00755187,27161.5,0.00754487,25.2202,7.00561e-06,lte,cli_profile,34.4071,213756,207139,6617,1627,157,0,1470,0,-1,-1
html5hiili__ad30__wifi_ac,343.418,9.53938e-05,310.43,8.62305e-05,32.988,9.16335e-06,wifi_ac,cli_profile,38.7755,1502449,1469760,32689,33472,987,0,32485,0,-1,-1
html5hiili__ad30__lte,36186.1,0.0100517,36151.9,0.0100422,34.2458,9.51271e-06,lte,cli_profile,38.687,1502449,1469760,32689,91413,987,0,90426,0,-1,-1
nexd__RO_Fressnapf_Digital_Catalogue_Flyer_Feb-Dec2025_Feb2025_copy__wifi_ac,309.681,8.60225e-05,279.917,7.77546e-05,29.7644,8.26788e-06,wifi_ac,cli_profile,34.9778,500545,492397,8148,348,348,0,0,0,-1,-1
nexd__RO_Fressnapf_Digital_Catalogue_Flyer_Feb-Dec2025_Feb2025_copy__lte,28716.8,0.00797688,28690.5,0.00796959,26.2579,7.29385e-06,lte,cli_profile,34.8908,500545,492397,8148,14125,348,0,13777,0,-1,-1
nexd__forever21_still_to_video_copy__wifi_ac,304.96,8.47112e-05,275.661,7.65725e-05,29.2992,8.13868e-06,wifi_ac,cli_profile,34.4433,224715,217864,6851,166,166,0,0,0,-1,-1
nexd__forever21_still_to_video_copy__lte,27006.2,0.00750173,26981.6,0.00749489,24.6296,6.84155e-06,lte,cli_profile,34.3561,224715,217864,6851,2057,166,0,1891,0,-1,-1
html5__hRFmeSkRIzQyhtml__wifi_ac,309.472,8.59644e-05,279.727,7.7702e-05,29.7447,8.26241e-06,wifi_ac,cli_profile,34.8895,8559305,8554798,4507,364550,5515,0,359035,0,-1,-1
html5__hRFmeSkRIzQyhtml__lte,73339.3,0.020372,73268.1,0.0203522,71.2606,1.97946e-05,lte,cli_profile,42.868,8121384,8116877,4507,4293145,5312,0,4287833,0,-1,-1
nexd__3DCarousel_300x250_v1_copy__wifi_ac,334.493,9.29147e-05,302.356,8.39878e-05,32.1369,8.92692e-06,wifi_ac,cli_profile,37.7787,264423,256494,7929,191,191,0,0,0,-1,-1
nexd__3DCarousel_300x250_v1_copy__lte,30254.1,0.00840393,30224.7,0.00839576,29.4114,8.16984e-06,lte,cli_profile,37.6887,264423,256494,7929,3421,191,0,3230,0,-1,-1
nexd__2026_TH_MACIF_GARANTIE_OBSEQUE_STEPHANIE_ENRICHI_copy__wifi_ac,305.849,8.4958e-05,276.457,7.67936e-05,29.3918,8.16438e-06,wifi_ac,cli_profile,34.5444,400075,393468,6607,278,278,0,0,0,-1,-1
nexd__2026_TH_MACIF_GARANTIE_OBSEQUE_STEPHANIE_ENRICHI_copy__lte,28185.3,0.00782924,28159,0.00782194,26.2591,7.29419e-06,lte,cli_profile,34.4559,400075,393468,6607,9922,278,0,9644,0,-1,-1
html5__BNPS5iz4NZAEhtml__wifi_ac,323.078,8.97439e-05,292.04,8.11223e-05,31.038,8.62168e-06,wifi_ac,cli_profile,36.4676,2955489,2945655,9834,186007,1948,0,184059,0,-1,-1
html5__BNPS5iz4NZAEhtml__lte,41659.4,0.011572,41620,0.0115611,39.3671,1.09353e-05,lte,cli_profile,36.3791,2955489,2945655,9834,475521,1948,0,473573,0,-1,-1
nexd__UnblurOnTouch_300x250_FOW_copy_1__wifi_ac,306.224,8.50622e-05,276.799,7.68887e-05,29.4247,8.17352e-06,wifi_ac,cli_profile,34.5862,326833,320146,6687,229,229,0,0,0,-1,-1
nexd__UnblurOnTouch_300x250_FOW_copy_1__lte,27754.7,0.00770965,27728.9,0.00770249,25.7867,7.16297e-06,lte,cli_profile,34.4988,326833,320146,6687,6129,229,0,5900,0,-1,-1
html5__kCQ7c1QClqr2html__wifi_ac,325.757,9.04882e-05,294.462,8.1795e-05,31.2955,8.69319e-06,wifi_ac,cli_profile,36.7698,2908130,2898978,9152,184659,1914,0,182745,0,-1,-1
html5__kCQ7c1QClqr2html__lte,39747.7,0.011041,39710.1,0.0110306,37.5616,1.04338e-05,lte,cli_profile,36.6813,2908130,2898978,9152,399460,1914,0,397546,0,-1,-1
html5hiili__ad5__wifi_ac,364.479,0.000101244,329.452,9.15145e-05,35.0268,9.72967e-06,wifi_ac,cli_profile,41.1665,466635,437207,29428,327,327,0,0,0,-1,-1
html5hiili__ad5__lte,36128.5,0.0100357,36089.3,0.0100248,39.2289,1.08969e-05,lte,cli_profile,41.0765,466635,437207,29428,7964,327,0,7637,0,-1,-1
html5hiili__ad56__wifi_ac,308.509,8.56968e-05,278.875,7.74652e-05,29.6339,8.23163e-06,wifi_ac,cli_profile,34.8431,112691,104792,7899,80,80,0,0,0,-1,-1
html5hiili__ad56__lte,28408.7,0.00789131,28380,0.00788334,28.7211,7.97807e-06,lte,cli_profile,34.8011,112691,104792,7899,80,80,0,0,0,-1,-1
html5__1tWG4OXVWF3ohtml__wifi_ac,293.194,8.14427e-05,265.032,7.362e-05,28.1618,7.82272e-06,wifi_ac,cli_profile,33.1091,642256,639299,2957,27574,433,0,27141,0,-1,-1
html5__1tWG4OXVWF3ohtml__lte,28578.9,0.00793858,28552.2,0.00793116,26.7234,7.42315e-06,lte,cli_profile,33.0191,642256,639299,2957,22852,433,0,22419,0,-1,-1
nexd__Train_300x250_copy__wifi_ac,336.023,9.33399e-05,303.732,8.43699e-05,32.2917,8.96991e-06,wifi_ac,cli_profile,37.9524,448200,440360,7840,310,310,0,0,0,-1,-1
nexd__Train_300x250_copy__lte,31402.2,0.00872283,31371.5,0.00871431,30.6794,8.52206e-06,lte,cli_profile,37.8624,448200,440360,7840,12505,310,0,12195,0,-1,-1
nexd__Inbet-3D-Cube-300x250-CM_copy__wifi_ac,306.457,8.5127e-05,276.997,7.69437e-05,29.4597,8.18325e-06,wifi_ac,cli_profile,34.6141,623911,616598,7313,422,422,0,0,0,-1,-1
nexd__Inbet-3D-Cube-300x250-CM_copy__lte,29202.7,0.00811185,29175.8,0.00810438,26.894,7.47056e-06,lte,cli_profile,34.5268,623911,616598,7313,24840,422,0,24418,0,-1,-1
html5hiili__ad38__wifi_ac,352.571,9.79365e-05,318.672,8.85201e-05,33.8989,9.41636e-06,wifi_ac,cli_profile,39.8205,1179382,1146362,33020,782,782,0,0,0,-1,-1
html5hiili__ad38__lte,35781.6,0.00993934,35745.8,0.00992939,35.8406,9.95572e-06,lte,cli_profile,39.732,1179382,1146362,33020,45491,782,0,44709,0,-1,-1
nexd__Johnnie_Walker_Splitscreen_copy__wifi_ac,342.728,9.52023e-05,309.802,8.60561e-05,32.9261,9.14613e-06,wifi_ac,cli_profile,38.7088,203671,193249,10422,162,162,0,0,0,-1,-1
nexd__Johnnie_Walker_Splitscreen_copy__lte,31490.9,0.00874747,31457.8,0.00873827,33.1378,9.20495e-06,lte,cli_profile,38.6188,203671,193249,10422,1063,162,0,901,0,-1,-1
html5__kalevhtml__wifi_ac,291.082,8.08562e-05,263.125,7.30902e-05,27.9577,7.76602e-06,wifi_ac,cli_profile,32.8728,315092,313733,1359,3288,211,0,3077,0,-1,-1
html5__kalevhtml__lte,25948.9,0.00720803,25925.4,0.0072015,23.5115,6.53098e-06,lte,cli_profile,32.7914,315092,313733,1359,714,211,0,503,0,-1,-1
nexd__Hermes_Expandable_The_Sun_Infeed_fullscreen_Interstitial_copy__wifi_ac,305.519,8.48663e-05,276.152,7.6709e-05,29.3662,8.15729e-06,wifi_ac,cli_profile,34.5079,547950,540815,7135,374,374,0,0,0,-1,-1
nexd__Hermes_Expandable_The_Sun_Infeed_fullscreen_Interstitial_copy__lte,28734.3,0.00798174,28707.9,0.00797442,26.3274,7.31315e-06,lte,cli_profile,34.4209,547950,540815,7135,19209,374,0,18835,0,-1,-1
nexd__Lipton_Slider_copy__wifi_ac,304.812,8.46701e-05,275.482,7.65228e-05,29.3302,8.14727e-06,wifi_ac,cli_profile,34.4313,1319545,1311969,7576,870,870,0,0,0,-1,-1
nexd__Lipton_Slider_copy__lte,32361.4,0.00898928,32331.5,0.00898097,29.926,8.31278e-06,lte,cli_profile,34.3443,1319545,1311969,7576,100825,870,0,99955,0,-1,-1
nexd__AirAsia_RayaSale_728x90_copy__wifi_ac,305.754,8.49317e-05,276.373,7.67704e-05,29.3807,8.16132e-06,wifi_ac,cli_profile,34.5333,362387,356377,6010,250,250,0,0,0,-1,-1
nexd__AirAsia_RayaSale_728x90_copy__lte,27842.7,0.00773407,27817.2,0.007727,25.4506,7.06961e-06,lte,cli_profile,34.4448,362387,356377,6010,7955,250,0,7705,0,-1,-1
nexd__9_-22_07__floating_TOP_-Produkti-JUL_2025_copy__wifi_ac,306.03,8.50083e-05,276.636,7.68432e-05,29.3944,8.16511e-06,wifi_ac,cli_profile,34.5611,355860,347585,8275,14259,252,0,14007,0,-1,-1
nexd__9_-22_07__floating_TOP_-Produkti-JUL_2025_copy__lte,27726.6,0.00770185,27700.7,0.00769464,25.9593,7.21091e-06,lte,cli_profile,34.4741,355860,347585,8275,6069,252,0,5817,0,-1,-1
nexd__Borough_Market_Overlay_animation_copy__wifi_ac,305.193,8.47758e-05,275.867,7.66296e-05,29.3262,8.14618e-06,wifi_ac,cli_profile,34.4699,346497,339766,6731,242,242,0,0,0,-1,-1
nexd__Borough_Market_Overlay_animation_copy__lte,27665.1,0.00768475,27639.8,0.00767773,25.2767,7.0213e-06,lte,cli_profile,34.3812,346497,339766,6731,7101,242,0,6859,0,-1,-1
html5hiili__ad40__wifi_ac,314.61,8.73916e-05,284.391,7.89974e-05,30.2191,8.39419e-06,wifi_ac,cli_profile,35.532,92441,84547,7894,67,67,0,0,0,-1,-1
html5hiili__ad40__lte,28387,0.00788527,28358,0.00787721,29.0237,8.06214e-06,lte,cli_profile,35.4704,92441,84547,7894,67,67,0,0,0,-1,-1
nexd__2025-bms-g04-lead-img_copy__wifi_ac,307.706,8.54738e-05,278.14,7.72612e-05,29.5654,8.21262e-06,wifi_ac,cli_profile,34.7536,276903,269624,7279,203,203,0,0,0,-1,-1
nexd__2025-bms-g04-lead-img_copy__lte,27473.7,0.00763157,27448.5,0.00762459,25.1402,6.9834e-06,lte,cli_profile,34.6657,276903,269624,7279,4121,203,0,3918,0,-1,-1
nexd__Trüfrü_floating_obj_hotspot_copy__wifi_ac,305.678,8.49106e-05,276.305,7.67513e-05,29.3734,8.15928e-06,wifi_ac,cli_profile,34.5247,362653,356467,6186,251,251,0,0,0,-1,-1
nexd__Trüfrü_floating_obj_hotspot_copy__lte,27822.4,0.00772843,27796.9,0.00772136,25.4815,7.0782e-06,lte,cli_profile,34.4362,362653,356467,6186,7950,251,0,7699,0,-1,-1
html5__l8hLy5FhLWvOhtml__wifi_ac,297.289,8.25802e-05,268.726,7.4646e-05,28.5631,7.93421e-06,wifi_ac,cli_profile,33.5455,4305374,4302066,3308,252529,2779,0,249750,0,-1,-1
html5__l8hLy5FhLWvOhtml__lte,49998.5,0.0138885,49950.3,0.0138751,48.2018,1.33894e-05,lte,cli_profile,37.492,4305374,4302066,3308,1087154,2779,0,1084375,0,-1,-1
nexd__Viju_Wheatvid011_2352_copy__wifi_ac,325.727,9.04798e-05,294.417,8.17825e-05,31.3104,8.69733e-06,wifi_ac,cli_profile,36.7904,632201,624117,8084,429,429,0,0,0,-1,-1
nexd__Viju_Wheatvid011_2352_copy__lte,31009.3,0.00861369,30980.3,0.00860563,29.0118,8.05885e-06,lte,cli_profile,36.7004,632201,624117,8084,25366,429,0,24937,0,-1,-1
html5hiili__ad41__wifi_ac,307.285,8.53568e-05,277.771,7.71587e-05,29.5132,8.19812e-06,wifi_ac,cli_profile,34.7039,113494,105595,7899,80,80,0,0,0,-1,-1
html5hiili__ad41__lte,27917.7,0.00775491,27888.7,0.00774685,29.0177,8.06049e-06,lte,cli_profile,34.6155,113494,105595,7899,80,80,0,0,0,-1,-1
html5hiili__ad32__wifi_ac,349.438,9.70662e-05,315.872,8.77422e-05,33.5662,9.32394e-06,wifi_ac,cli_profile,39.4585,1117303,1085189,32114,5963,742,0,5221,0,-1,-1
html5hiili__ad32__lte,35972.2,0.00999227,35936.2,0.00998227,35.9903,9.99732e-06,lte,cli_profile,39.37,1117303,1085189,32114,56116,742,0,55374,0,-1,-1
nexd__US_MultiprismBlinds_300x600_copy__wifi_ac,306.145,8.50402e-05,276.721,7.68668e-05,29.4242,8.17339e-06,wifi_ac,cli_profile,34.5781,495390,488704,6686,337,337,0,0,0,-1,-1
nexd__US_MultiprismBlinds_300x600_copy__lte,28480.2,0.00791117,28454,0.0079039,26.1765,7.27126e-06,lte,cli_profile,34.4906,495390,488704,6686,15587,337,0,15250,0,-1,-1
html5hiili__ad51__wifi_ac,309.568,8.59911e-05,279.822,7.77283e-05,29.7462,8.26283e-06,wifi_ac,cli_profile,34.9638,365286,357387,7899,242,242,0,0,0,-1,-1
html5hiili__ad51__lte,29850.2,0.00829172,29819.5,0.00828319,30.707,8.52972e-06,lte,cli_profile,35.1648,365286,357387,7899,5533,242,0,5291,0,-1,-1
html5__6XOqa2sEOa3Khtml__wifi_ac,313.948,8.72079e-05,283.745,7.8818e-05,30.2035,8.38986e-06,wifi_ac,cli_profile,35.3935,10078673,10074720,3953,367254,6486,0,360768,0,-1,-1
html5__6XOqa2sEOa3Khtml__lte,76905.9,0.0213627,76831.8,0.0213422,74.1227,2.05896e-05,lte,cli_profile,44.884,8542464,8538511,3953,5764241,5581,0,5758660,0,-1,-1
html5__db00nQmGsXlThtml__wifi_ac,322.794,8.96649e-05,291.785,8.10515e-05,31.0083,8.61342e-06,wifi_ac,cli_profile,36.442,2106282,2098084,8198,135341,1394,0,133947,0,-1,-1
html5__db00nQmGsXlThtml__lte,38434,0.0106761,38397.1,0.0106659,36.9184,1.02551e-05,lte,cli_profile,36.3535,2106282,2098084,8198,290817,1394,0,289423,0,-1,-1
html5hiili__ad52__wifi_ac,311.702,8.65838e-05,281.759,7.82664e-05,29.9424,8.31732e-06,wifi_ac,cli_profile,35.2038,154343,146447,7896,107,107,0,0,0,-1,-1
html5hiili__ad52__lte,28628.7,0.0079524,28601.3,0.00794481,27.3484,7.59677e-06,lte,cli_profile,35.1989,154343,146447,7896,107,107,0,0,0,-1,-1
html5__eb7BtMH1jbE5html__wifi_ac,321.654,8.93483e-05,290.754,8.0765e-05,30.9002,8.58338e-06,wifi_ac,cli_profile,36.3115,2457224,2447251,9973,157124,1624,0,155500,0,-1,-1
html5__eb7BtMH1jbE5html__lte,39457.6,0.0109604,39419.4,0.0109498,38.1554,1.05987e-05,lte,cli_profile,36.2229,2457224,2447251,9973,345942,1624,0,344318,0,-1,-1
html5hiili__ad28__wifi_ac,344.049,9.55691e-05,311,8.63888e-05,33.0488,9.18021e-06,wifi_ac,cli_profile,38.8465,1502549,1469794,32755,29192,987,0,28205,0,-1,-1
html5hiili__ad28__lte,36724.9,0.0102014,36689.5,0.0101915,35.3884,9.83011e-06,lte,cli_profile,38.758,1502549,1469794,32755,95578,987,0,94591,0,-1,-1
nexd__Aldi_expandable_copy__wifi_ac,305.067,8.47407e-05,275.757,7.65991e-05,29.3097,8.14159e-06,wifi_ac,cli_profile,34.4554,226900,220131,6769,165,165,0,0,0,-1,-1
nexd__Aldi_expandable_copy__lte,27044.3,0.00751232,27019.7,0.00750547,24.6667,6.85187e-06,lte,cli_profile,34.3684,226900,220131,6769,2065,165,0,1900,0,-1,-1
nexd__Desktop_Proskin_copy__wifi_ac,301.93,8.38694e-05,272.929,7.58137e-05,29.0005,8.05569e-06,wifi_ac,cli_profile,34.0979,358554,350675,7879,16707,254,0,16453,0,-1,-1
nexd__Desktop_Proskin_copy__lte,27461,0.00762804,27435.9,0.00762109,25.0275,6.95208e-06,lte,cli_profile,34.0109,358554,350675,7879,7561,254,0,7307,0,-1,-1
html5__2sHbU2TqTF0uhtml__wifi_ac,321.366,8.92683e-05,290.497,8.06936e-05,30.8688,8.57465e-06,wifi_ac,cli_profile,36.2893,942521,934394,8127,56020,648,0,55372,0,-1,-1
html5__2sHbU2TqTF0uhtml__lte,31963.4,0.00887873,31933.8,0.00887051,29.6225,8.22848e-06,lte,cli_profile,36.2006,942521,934394,8127,68531,648,0,67883,0,-1,-1
html5hiili__ad3__wifi_ac,351.476,9.76323e-05,317.714,8.82538e-05,33.7625,9.37846e-06,wifi_ac,cli_profile,39.6936,476287,446908,29379,704,333,0,371,0,-1,-1
html5hiili__ad3__lte,34334.7,0.00953741,34297.5,0.00952709,37.1623,1.03229e-05,lte,cli_profile,39.6037,476287,446908,29379,4114,333,0,3781,0,-1,-1
html5hiili__ad11__wifi_ac,346.597,9.62771e-05,313.306,8.70293e-05,33.2919,9.24774e-06,wifi_ac,cli_profile,39.142,466495,437149,29346,3541,327,0,3214,0,-1,-1
html5hiili__ad11__lte,33389.7,0.00927491,33354.7,0.00926519,35.0122,9.7256e-06,lte,cli_profile,39.052,466495,437149,29346,3822,327,0,3495,0,-1,-1
html5hiili__ad53__wifi_ac,303.287,8.42463e-05,274.158,7.61549e-05,29.1292,8.09145e-06,wifi_ac,cli_profile,34.2524,92435,84541,7894,67,67,0,0,0,-1,-1
html5hiili__ad53__lte,28020.6,0.0077835,27992.9,0.00777581,27.6788,7.68855e-06,lte,cli_profile,34.1827,92435,84541,7894,67,67,0,0,0,-1,-1
html5__26GIldhLAjAVhtml__wifi_ac,321.719,8.93665e-05,290.813,8.07815e-05,30.9061,8.58502e-06,wifi_ac,cli_profile,36.3207,2045082,2036275,8807,130641,1360,0,129281,0,-1,-1
html5__26GIldhLAjAVhtml__lte,36239.6,0.0100666,36205.2,0.010057,34.3778,9.5494e-06,lte,cli_profile,36.2322,2045082,2036275,8807,203173,1360,0,201813,0,-1,-1
nexd__Pool_3D_Prism_300x250_FOW_copy__wifi_ac,305.267,8.47964e-05,275.928,7.66465e-05,29.3396,8.1499e-06,wifi_ac,cli_profile,34.479,490002,483334,6668,334,334,0,0,0,-1,-1
nexd__Pool_3D_Prism_300x250_FOW_copy__lte,28360.7,0.00787799,28334.8,0.00787078,25.9256,7.20156e-06,lte,cli_profile,34.392,490002,483334,6668,15195,334,0,14861,0,-1,-1
html5__5mAYx6CYsHwchtml__wifi_ac,324.179,9.00497e-05,293.036,8.13989e-05,31.1428,8.65077e-06,wifi_ac,cli_profile,36.5949,2642134,2634119,8015,165535,1739,0,163796,0,-1,-1
html5__5mAYx6CYsHwchtml__lte,40206,0.0111683,40168.2,0.0111578,37.7721,1.04922e-05,lte,cli_profile,36.5064,2642134,2634119,8015,381222,1739,0,379483,0,-1,-1
html5__kKiJqPhbMRCGhtml__wifi_ac,310.137,8.61493e-05,280.328,7.7869e-05,29.8091,8.2803e-06,wifi_ac,cli_profile,34.965,8824150,8818365,5785,368562,5695,0,362867,0,-1,-1
html5__kKiJqPhbMRCGhtml__lte,73481.5,0.0204115,73410.7,0.0203919,70.8525,1.96812e-05,lte,cli_profile,43.17,8352212,8346427,5785,4344820,5476,0,4339344,0,-1,-1
html5__CWTNxQaEu6IFhtml__wifi_ac,286.006,7.94462e-05,258.528,7.18133e-05,27.4785,7.63291e-06,wifi_ac,cli_profile,32.3019,284575,281924,2651,198,198,0,0,0,-1,-1
html5__CWTNxQaEu6IFhtml__lte,25169.9,0.00699164,25147,0.00698529,22.8631,6.35087e-06,lte,cli_profile,32.406,284575,281924,2651,1976,198,0,1778,0,-1,-1
html5__salvestborshtml__wifi_ac,286.129,7.94804e-05,258.648,7.18467e-05,27.4812,7.63368e-06,wifi_ac,cli_profile,32.314,212320,211744,576,140,140,0,0,0,-1,-1
html5__salvestborshtml__lte,25127.2,0.00697978,25104,0.00697333,23.2238,6.45105e-06,lte,cli_profile,32.262,212320,211744,576,140,140,0,0,0,-1,-1
html5hiili__ad39__wifi_ac,308.859,8.5794e-05,279.189,7.75525e-05,29.6694,8.24151e-06,wifi_ac,cli_profile,34.8828,156295,148399,7896,108,108,0,0,0,-1,-1
html5hiili__ad39__lte,28665.6,0.00796266,28636.6,0.0079546,29.0223,8.06174e-06,lte,cli_profile,34.8828,156295,148399,7896,108,108,0,0,0,-1,-1
html5hiili__ad9__wifi_ac,352.885,9.80236e-05,318.978,8.86051e-05,33.9067,9.41852e-06,wifi_ac,cli_profile,39.855,466347,436969,29378,327,327,0,0,0,-1,-1
html5hiili__ad9__lte,33494.7,0.00930408,33460.6,0.0092946,34.124,9.47888e-06,lte,cli_profile,39.765,466347,436969,29378,3869,327,0,3542,0,-1,-1
html5__trufruhtml__wifi_ac,288.875,8.02429e-05,261.127,7.25351e-05,27.748,7.70779e-06,wifi_ac,cli_profile,32.6165,1392947,1392376,571,87380,897,0,86483,0,-1,-1
html5__trufruhtml__lte,31987.1,0.00888531,31957.3,0.00887703,29.8058,8.27938e-06,lte,cli_profile,33.776,1392947,1392376,571,107250,897,0,106353,0,-1,-1
html5__2EVRdcEX4U2ahtml__wifi_ac,291.01,8.08361e-05,263.055,7.30708e-05,27.9552,7.76533e-06,wifi_ac,cli_profile,32.8529,2059879,2057002,2877,127816,1338,0,126478,0,-1,-1
html5__2EVRdcEX4U2ahtml__lte,35984.2,0.00999561,35950,0.00998611,34.182,9.49501e-06,lte,cli_profile,34.546,2059879,2057002,2877,247503,1338,0,246165,0,-1,-1
nexd__300x600_survey_DV360_copy__wifi_ac,305.662,8.49061e-05,276.286,7.6746e-05,29.3763,8.16008e-06,wifi_ac,cli_profile,34.5232,469274,462670,6604,321,321,0,0,0,-1,-1
nexd__300x600_survey_DV360_copy__lte,28278.8,0.00785522,28252.9,0.00784803,25.8794,7.18871e-06,lte,cli_profile,34.4362,469274,462670,6604,13892,321,0,13571,0,-1,-1
html5__7NZyGzMxZ5Mbhtml__wifi_ac,323.16,8.97668e-05,292.117,8.11437e-05,31.0429,8.62304e-06,wifi_ac,cli_profile,36.4845,1853470,1844182,9288,103098,1239,0,101859,0,-1,-1
html5__7NZyGzMxZ5Mbhtml__lte,34064.4,0.00946234,34032.5,0.00945347,31.9037,8.86214e-06,lte,cli_profile,36.396,1853470,1844182,9288,131504,1239,0,130265,0,-1,-1
html5hiili__ad57__wifi_ac,305.921,8.49782e-05,276.539,7.68164e-05,29.3824,8.16178e-06,wifi_ac,cli_profile,34.5494,176072,168173,7899,121,121,0,0,0,-1,-1
html5hiili__ad57__lte,28495.8,0.0079155,28466.8,0.00790745,28.9849,8.05137e-06,lte,cli_profile,34.5686,176072,168173,7899,121,121,0,0,0,-1,-1
html5hiili__ad22__wifi_ac,366.646,0.000101846,331.366,9.20461e-05,35.28,9.8e-06,wifi_ac,cli_profile,41.4115,2135529,2092319,43210,18733,1398,0,17335,0,-1,-1
html5hiili__ad22__lte,42344.9,0.0117625,42304,0.0117511,40.8535,1.13482e-05,lte,cli_profile,41.323,2135529,2092319,43210,160795,1398,0,159397,0,-1,-1
nexd__Cetaphil_Scroll_to_Zoom_300x600_copy__wifi_ac,306.481,8.51336e-05,276.865,7.6907e-05,29.6159,8.22665e-06,wifi_ac,cli_profile,34.632,4388994,4382920,6074,2831,2831,0,0,0,-1,-1
nexd__Cetaphil_Scroll_to_Zoom_300x600_copy__lte,51076.8,0.014188,51027.9,0.0141744,48.9238,1.359e-05,lte,cli_profile,37.9905,4388994,4382920,6074,1141898,2831,0,1139067,0,-1,-1
html5__ahGD38kxGF7Thtml__wifi_ac,322.737,8.96491e-05,291.737,8.1038e-05,31,8.61111e-06,wifi_ac,cli_profile,36.444,941589,933803,7786,56649,645,0,56004,0,-1,-1
html5__ahGD38kxGF7Thtml__lte,30619.5,0.00850541,30591.5,0.00849764,27.9718,7.76994e-06,lte,cli_profile,36.355,941589,933803,7786,27586,645,0,26941,0,-1,-1
nexd__Immunomax_GCash_300x250_Floating_TEST_copy__wifi_ac,324.445,9.01237e-05,293.259,8.14608e-05,31.1861,8.66281e-06,wifi_ac,cli_profile,36.6456,594408,584181,10227,409,409,0,0,0,-1,-1
nexd__Immunomax_GCash_300x250_Floating_TEST_copy__lte,30708.6,0.00853016,30679.7,0.00852214,28.848,8.01333e-06,lte,cli_profile,36.5556,594408,584181,10227,22308,409,0,21899,0,-1,-1
nexd__Scratch_CTA_2_copy__wifi_ac,309.453,8.59591e-05,279.722,7.77005e-05,29.7311,8.25863e-06,wifi_ac,cli_profile,34.9508,229484,219612,9872,174,174,0,0,0,-1,-1
nexd__Scratch_CTA_2_copy__lte,27609.7,0.00766937,27584,0.00766222,25.745,7.15138e-06,lte,cli_profile,34.8608,229484,219612,9872,2009,174,0,1835,0,-1,-1
nexd__Rituals_Advent_Calendar_copy__wifi_ac,306.041,8.50113e-05,276.631,7.68418e-05,29.41,8.16945e-06,wifi_ac,cli_profile,34.5659,401937,395288,6649,277,277,0,0,0,-1,-1
nexd__Rituals_Advent_Calendar_copy__lte,28157.3,0.00782147,28131,0.00781417,26.2794,7.29983e-06,lte,cli_profile,34.4774,401937,395288,6649,10006,277,0,9729,0,-1,-1
html5hiili__ad19__wifi_ac,370.386,0.000102885,334.746,9.29849e-05,35.6405,9.90015e-06,wifi_ac,cli_profile,41.8345,2135673,2092523,43150,16256,1398,0,14858,0,-1,-1
html5hiili__ad19__lte,42203.1,0.0117231,42162,0.0117117,41.0137,1.13927e-05,lte,cli_profile,41.746,2135673,2092523,43150,125701,1398,0,124303,0,-1,-1
html5__5XkMffcc7QvQhtml__wifi_ac,321.44,8.92888e-05,290.56,8.07112e-05,30.8796,8.57766e-06,wifi_ac,cli_profile,36.2873,2457210,2447237,9973,157124,1624,0,155500,0,-1,-1
html5__5XkMffcc7QvQhtml__lte,39146.6,0.010874,39109.8,0.0108638,36.7729,1.02147e-05,lte,cli_profile,36.1988,2457210,2447237,9973,329627,1624,0,328003,0,-1,-1
html5hiili__ad47__wifi_ac,322.752,8.96533e-05,291.743,8.10397e-05,31.009,8.61362e-06,wifi_ac,cli_profile,36.4525,270499,255149,15350,186,186,0,0,0,-1,-1
html5hiili__ad47__lte,30269.4,0.00840817,30238.4,0.00839956,30.9909,8.60858e-06,lte,cli_profile,36.364,270499,255149,15350,186,186,0,0,0,-1,-1
html5__3KRMUGZW4xdrhtml__wifi_ac,291.156,8.08766e-05,263.186,7.31073e-05,27.9696,7.76932e-06,wifi_ac,cli_profile,32.868,2244046,2241399,2647,139536,1456,0,138080,0,-1,-1
html5__3KRMUGZW4xdrhtml__lte,36809.9,0.010225,36775.2,0.0102153,34.7039,9.63998e-06,lte,cli_profile,34.782,2244046,2241399,2647,269975,1456,0,268519,0,-1,-1
html5__imported--3-html__wifi_ac,285.768,7.93801e-05,258.313,7.17536e-05,27.4554,7.62649e-06,wifi_ac,cli_profile,32.2751,287496,287119,377,187,187,0,0,0,-1,-1
html5__imported--3-html__lte,25995,0.00722084,25971.3,0.00721425,23.7246,6.59017e-06,lte,cli_profile,32.39,287496,287119,377,2628,187,0,2441,0,-1,-1
nexd__2025182_Brutal_Fruit_Spritzer_Grand_Luxe_Blinds_Swipe_copy__wifi_ac,305.443,8.48454e-05,276.105,7.66959e-05,29.3382,8.1495e-06,wifi_ac,cli_profile,34.4942,431012,423668,7344,22287,298,0,21989,0,-1,-1
nexd__2025182_Brutal_Fruit_Spritzer_Grand_Luxe_Blinds_Swipe_copy__lte,27674.8,0.00768745,27649.9,0.00768051,24.9561,6.93226e-06,lte,cli_profile,34.4064,431012,423668,7344,8489,298,0,8191,0,-1,-1
html5__BqyudEaaTQxhhtml__wifi_ac,302.45,8.40138e-05,273.144,7.58734e-05,29.3055,8.14043e-06,wifi_ac,cli_profile,34.1835,6353650,6347854,5796,7708,4110,0,3598,0,-1,-1
html5__BqyudEaaTQxhhtml__lte,62951.7,0.0174866,62891.1,0.0174698,60.6135,1.68371e-05,lte,cli_profile,40.044,6353650,6347854,5796,2489049,4110,0,2484939,0,-1,-1
nexd__Milo_3in1_parallax_cube_GA_copy__wifi_ac,343.096,9.53043e-05,310.114,8.61427e-05,32.9817,9.16158e-06,wifi_ac,cli_profile,38.7524,704702,696084,8618,475,475,0,0,0,-1,-1
nexd__Milo_3in1_parallax_cube_GA_copy__lte,33236.4,0.00923233,33204.1,0.00922337,32.2678,8.96327e-06,lte,cli_profile,38.6624,704702,696084,8618,31500,475,0,31025,0,-1,-1
html5__DVYOW7I3lNZxhtml__wifi_ac,323.532,8.98699e-05,292.453,8.1237e-05,31.0786,8.63294e-06,wifi_ac,cli_profile,36.5266,1850398,1844036,6362,116931,1224,0,115707,0,-1,-1
html5__DVYOW7I3lNZxhtml__lte,36825.3,0.0102293,36790.5,0.0102196,34.8586,9.68296e-06,lte,cli_profile,36.4381,1850398,1844036,6362,203844,1224,0,202620,0,-1,-1
nexd__BBC_Good_Food_Carousel_Splitscreen_Hotspot__wifi_ac,341.432,9.48421e-05,308.565,8.57126e-05,32.8661,9.12948e-06,wifi_ac,cli_profile,38.5691,1769039,1758165,10874,1164,1164,0,0,0,-1,-1
nexd__BBC_Good_Food_Carousel_Splitscreen_Hotspot__lte,37845.6,0.0105127,37810.4,0.0105029,35.2378,9.78828e-06,lte,cli_profile,38.4791,1769039,1758165,10874,190764,1164,0,189600,0,-1,-1
html5__0ZhWb1hege2Ehtml__wifi_ac,295.615,8.21152e-05,267.212,7.42254e-05,28.4033,7.8898e-06,wifi_ac,cli_profile,33.361,3713315,3702217,11098,225755,2446,0,223309,0,-1,-1
html5__0ZhWb1hege2Ehtml__lte,45791.5,0.0127199,45747.9,0.0127077,43.6558,1.21266e-05,lte,cli_profile,36.754,3713315,3702217,11098,731139,2446,0,728693,0,-1,-1
html5__olipophtml__wifi_ac,290.246,8.06239e-05,262.365,7.28793e-05,27.8809,7.74468e-06,wifi_ac,cli_profile,32.768,1866120,1865549,571,119245,1200,0,118045,0,-1,-1
html5__olipophtml__lte,35115.2,0.00975423,35082.6,0.00974517,32.6118,9.05883e-06,lte,cli_profile,34.382,1866120,1865549,571,202202,1200,0,201002,0,-1,-1
html5__5dX7NXMcCzEChtml__wifi_ac,297.015,8.25043e-05,268.478,7.45772e-05,28.5374,7.92705e-06,wifi_ac,cli_profile,33.5155,4139429,4135264,4165,247936,2680,0,245256,0,-1,-1
html5__5dX7NXMcCzEChtml__lte,48861.6,0.0135727,48814.9,0.0135597,46.7128,1.29758e-05,lte,cli_profile,37.372,4139429,4135264,4165,995356,2680,0,992676,0,-1,-1
nexd__BMW_X2_Drag_to_reveal_gesture_icon_copy__wifi_ac,343.095,9.53043e-05,310.132,8.61478e-05,32.9633,9.15646e-06,wifi_ac,cli_profile,38.7504,254901,245660,9241,189,189,0,0,0,-1,-1
nexd__BMW_X2_Drag_to_reveal_gesture_icon_copy__lte,31525.4,0.00875706,31493,0.00874805,32.4384,9.01066e-06,lte,cli_profile,38.6604,254901,245660,9241,3000,189,0,2811,0,-1,-1
nexd__Wise_Flip_copy__wifi_ac,305.748,8.49301e-05,276.37,7.67694e-05,29.3784,8.16068e-06,wifi_ac,cli_profile,34.5328,305058,297299,7759,217,217,0,0,0,-1,-1
nexd__Wise_Flip_copy__lte,27453.8,0.00762605,27428.7,0.00761909,25.0556,6.95988e-06,lte,cli_profile,34.4479,305058,297299,7759,5091,217,0,4874,0,-1,-1
html5hiili__ad12__wifi_ac,348.725,9.6868e-05,315.228,8.75634e-05,33.4966,9.30461e-06,wifi_ac,cli_profile,39.3823,466541,437193,29348,1802,327,0,1475,0,-1,-1
html5hiili__ad12__lte,33503.1,0.00930641,33467.9,0.00929663,35.2174,9.7826e-06,lte,cli_profile,39.2923,466541,437193,29348,3546,327,0,3219,0,-1,-1
nexd__M_M_Splitscreen_Overlay_animation_copy__wifi_ac,349.026,9.69516e-05,315.419,8.76163e-05,33.6069,9.33526e-06,wifi_ac,cli_profile,39.428,2049845,2041633,8212,1337,1337,0,0,0,-1,-1
nexd__M_M_Splitscreen_Overlay_animation_copy__lte,40018.1,0.0111161,39980.4,0.0111057,37.6971,1.04714e-05,lte,cli_profile,39.338,2049845,2041633,8212,255823,1337,0,254486,0,-1,-1
html5hiili__ad54__wifi_ac,308.944,8.58177e-05,279.262,7.75727e-05,29.6819,8.24497e-06,wifi_ac,cli_profile,34.8925,295089,287190,7899,197,197,0,0,0,-1,-1
html5hiili__ad54__lte,28939.3,0.00803868,28911.5,0.00803097,27.7625,7.71181e-06,lte,cli_profile,35.0252,295089,287190,7899,2671,197,0,2474,0,-1,-1
